City_ID,City,Lat,Lng,Max Temp,Humidity,Cloudiness,Wind Speed,Country,Date
0,vaini,-21.2,-175.2,24.09,78,75,4.12,Vaini,1684893724
1,cape town,-33.9258,18.4232,15.21,78,0,5.14,Cape Town,1684893600
2,qaanaaq,77.484,-69.3632,-5.59,90,100,2.89,Qaanaaq,1684893726
3,atuona,-9.8,-139.0333,27.44,74,75,2.64,Atuona,1684893726
4,rikitea,-23.1203,-134.9692,25.02,87,10,7.21,Rikitea,1684893727
5,mataura,-46.1927,168.8643,10.89,62,45,2.06,Mataura,1684893727
6,teya,60.3778,92.6267,3.43,70,98,5.76,Teya,1684893727
7,oruro,-17.9833,-67.15,7.29,28,24,2.49,Oruro,1684893728
8,qeshm,26.9581,56.2719,26.93,68,5,0.87,Qeshm,1684893728
9,hobart,-42.8794,147.3294,19.03,57,75,7.2,Hobart,1684893627
10,klaksvik,62.2266,-6.589,8.51,75,7,15.57,Klaksvík,1684893740
11,montepuez,-13.1256,38.9997,15.86,96,5,1.87,Montepuez,1684893741
12,kaitangata,-46.2817,169.8464,11.1,59,54,3.07,Kaitangata,1684893741
13,punta arenas,-53.15,-70.9167,0.06,93,0,5.14,Punta Arenas,1684893741
14,cacoal,-11.4386,-61.4472,24.36,87,99,0.5,Cacoal,1684893742
15,ahipara,-35.1667,173.1667,17.68,73,48,7.37,Ahipara,1684893742
16,hermanus,-34.4187,19.2345,9.89,71,100,1.52,Hermanus,1684893742
17,jamestown,42.097,-79.2353,16.8,77,0,0.45,Jamestown,1684893726
18,mahebourg,-20.4081,57.7,22.16,83,40,1.03,Mahébourg,1684893692
19,gokak,16.1667,74.8333,23.41,54,6,4.32,Gokak,1684893743
20,ushtobe,45.2514,77.9838,18.41,35,0,4.18,Ushtobe,1684893743
21,carutapera,-1.195,-46.02,24.7,91,81,2.12,Carutapera,1684893743
22,nanakuli,21.3906,-158.1547,28.97,65,0,7.05,Nānākuli,1684893744
23,port augusta,-32.5,137.7667,19.51,36,39,7.81,Port Augusta,1684893744
24,lere,10.387,8.5726,24.44,77,38,1.11,Lere,1684893745
25,dubbo,-32.25,148.6167,16.07,41,0,1.54,Dubbo,1684893745
26,kapaa,22.0752,-159.319,27.99,78,15,2.68,Kapaa,1684893745
27,puerto baquerizo moreno,-0.9,-89.6,25.24,78,66,4.21,Puerto Baquerizo Moreno,1684893746
28,ulaanbaatar,47.9077,106.8832,11.07,40,75,6.0,Ulaanbaatar,1684893607
29,vila velha,-20.3297,-40.2925,20.97,98,75,2.06,Vila Velha,1684893746
30,zacatepec,18.65,-99.2,27.03,71,100,1.9,Zacatepec,1684893747
31,dikson,73.5069,80.5464,-0.37,95,100,3.96,Dikson,1684893750
32,kaniama,-7.5667,24.1833,21.08,65,28,1.62,Kaniama,1684893751
33,fuxin,42.0156,121.6589,25.09,27,100,6.76,Fuxin,1684893751
34,jalu,29.0331,21.5482,21.0,41,5,3.22,Jalu,1684893751
35,hovd,48.0056,91.6419,10.81,41,2,1.68,Khovd,1684893751
36,prince rupert,54.3161,-130.3201,12.05,77,0,8.75,Prince Rupert,1684893755
37,macau,22.2006,113.5461,26.03,88,40,7.2,Macao,1684893757
38,dongobesh,-4.0667,35.3833,12.33,95,76,2.84,Dongobesh,1684893757
39,butaritari,3.0707,172.7902,26.85,80,92,4.2,Butaritari,1684893757
40,thompson,55.7435,-97.8558,12.09,40,75,2.06,Thompson,1684893757
41,geraldton,-28.7667,114.6,19.23,82,100,3.6,Geraldton,1684893758
42,nikolskoye,59.7035,30.7861,12.67,73,83,0.66,Nikolskoye,1684893758
43,gracac,44.3006,15.8547,10.86,82,100,2.08,Gračac,1684893758
44,palmer,42.1584,-72.3287,14.9,71,20,1.97,Palmer,1684893758
45,pacocha,-17.5833,-71.3333,18.38,83,0,2.4,Pacocha,1684893759
46,ushuaia,-54.8,-68.3,3.81,93,100,9.77,Ushuaia,1684893756
47,nemuro,43.3236,145.575,4.91,83,100,7.48,Nemuro,1684893759
48,tezu,27.9167,96.1667,30.06,43,100,1.25,Tezu,1684893759
49,port alfred,-33.5906,26.891,15.57,59,9,1.94,Port Alfred,1684893760
50,rocha,-34.4833,-54.3333,20.32,80,100,3.81,Rocha,1684893686
51,tilichiki,60.4667,166.1,3.57,75,100,6.31,Tilichiki,1684893760
52,ostrovnoy,68.0531,39.5131,13.26,78,100,6.64,Ostrovnoy,1684893760
53,la asuncion,11.0333,-63.8628,27.85,83,68,5.66,La Asuncion,1684893761
54,port-cartier,50.0334,-66.8654,6.53,88,50,2.69,Port-Cartier,1684893761
55,yulara,-25.2406,130.9889,18.39,30,7,2.42,Yulara,1684893761
56,vila franca do campo,37.7167,-25.4333,16.23,84,79,3.37,Vila Franca do Campo,1684893762
57,tura,25.5198,90.2201,25.53,78,57,1.77,Tura,1684893762
58,port blair,11.6667,92.75,28.02,89,20,1.54,Port Blair,1684893762
59,hukuntsi,-24.0,21.75,17.59,24,0,3.25,Hukuntsi,1684893763
60,mahibadhoo,3.7833,72.9667,28.45,74,16,2.52,Mahibadhoo,1684893763
61,port hardy,50.6996,-127.4199,13.1,67,20,6.17,Port Hardy,1684893735
62,santander,43.4647,-3.8044,15.81,93,100,2.06,Santander,1684893764
63,kpandae,8.4689,-0.0113,25.56,87,100,1.95,Kpandae,1684893764
64,ketchikan,55.3422,-131.6461,15.55,50,9,2.79,Ketchikan,1684893764
65,sao filipe,14.8961,-24.4956,22.61,82,96,2.1,São Filipe,1684893764
66,labuhan,-6.8844,112.2051,27.82,73,78,3.52,Labuhan,1684893764
67,te anau,-45.4167,167.7167,9.67,70,95,1.24,Te Anau,1684893770
68,new norfolk,-42.7826,147.0587,18.84,53,100,5.36,New Norfolk,1684893770
69,ribeira grande,38.5167,-28.7,17.1,82,92,3.58,Ribeira Grande,1684893771
70,busselton,-33.65,115.3333,14.97,60,81,5.41,Busselton,1684893771
71,albany,42.6001,-73.9662,18.23,65,10,0.89,Albany,1684893050
72,fare,-16.7,-151.0167,26.97,78,48,5.35,Fare,1684893772
73,le port,-20.9373,55.2919,23.27,91,80,1.47,Le Port,1684893772
74,avarua,-21.2078,-159.775,25.03,65,40,2.06,Avarua,1684893759
75,alugan,12.2188,125.4808,30.11,67,94,2.27,Alugan,1684893773
76,saint george,37.1041,-113.5841,33.33,11,0,9.26,Saint George,1684893609
77,atar,20.5169,-13.0499,26.13,20,98,3.41,Atar,1684893773
78,esperance,-33.8667,121.9,15.97,76,100,10.44,Esperance,1684893773
79,rauma,61.1272,21.5113,10.02,61,94,3.9,Rauma,1684893774
80,hilo,19.7297,-155.09,27.19,78,34,1.79,Hilo,1684893774
81,pout,14.7739,-17.0603,23.99,83,0,5.14,Pout,1684893774
82,yumen,40.2833,97.2,16.19,17,17,9.05,Yumen,1684893775
83,armidale,-30.5167,151.65,17.83,17,7,3.14,Armidale,1684893775
84,boguchany,58.3814,97.4531,4.65,74,100,6.03,Boguchany,1684893775
85,nome,64.5011,-165.4064,7.28,79,100,4.98,Nome,1684893775
86,severo-kurilsk,50.6789,156.125,3.54,90,92,4.38,Severo-Kuril'sk,1684893776
87,yar-sale,66.8333,70.8333,5.55,57,15,3.79,Yar-Sale,1684893776
88,tiksi,71.6872,128.8694,-3.38,81,16,1.75,Tiksi,1684893776
89,voskresensk,55.3125,38.6636,15.32,95,98,2.04,Voskresensk,1684893777
90,sulangan,11.1373,123.7228,29.16,72,37,3.47,Sulangan,1684893777
91,aksu,41.1231,80.2644,20.92,36,100,0.83,Aksu,1684893777
92,hithadhoo,-0.6,73.0833,28.09,73,6,2.39,Hithadhoo,1684893777
93,mendi,-6.1761,143.6513,17.05,89,100,1.69,Mendi,1684893778
94,arraial do cabo,-22.9661,-42.0278,22.52,82,12,7.29,Arraial do Cabo,1684893778
95,aklavik,68.2191,-135.0107,10.83,53,100,4.81,Aklavik,1684893778
96,ilulissat,69.2167,-51.1,-3.99,80,100,5.14,Ilulissat,1684893773
97,bredasdorp,-34.5322,20.0403,11.66,91,100,1.55,Bredasdorp,1684893779
98,harwich,51.9419,1.2844,11.11,81,100,0.45,Harwich,1684893779
99,torbay,47.6666,-52.7314,2.54,95,75,5.81,Torbay,1684893780
100,pochutla,15.7432,-96.4661,28.79,71,14,2.42,Pochutla,1684893782
101,dargaville,-35.9333,173.8833,17.04,74,21,6.19,Dargaville,1684893782
102,hualmay,-11.0964,-77.6139,21.14,82,68,4.13,Hualmay,1684893783
103,beloha,-25.1667,45.05,14.89,75,1,1.9,Beloha,1684893783
104,bluff,-46.6,168.3333,10.71,63,65,6.96,Bluff,1684893783
105,moron,-34.6534,-58.6198,21.09,92,100,2.23,Morón,1684893613
106,barrow,71.2906,-156.7887,-0.99,80,100,6.17,Barrow,1684893692
107,longyearbyen,78.2186,15.6401,1.91,75,75,0.51,Longyearbyen,1684893680
108,salekhard,66.53,66.6019,9.47,44,70,3.36,Salekhard,1684893784
109,clyde river,70.4692,-68.5914,-2.87,86,100,2.57,Clyde River,1684893784
110,puerto ayora,-0.7393,-90.3518,25.86,91,100,0.45,Puerto Ayora,1684893785
111,avera,33.194,-82.5271,19.1,65,86,2.89,Avera,1684893785
112,rio gallegos,-51.6226,-69.2181,1.03,93,0,5.66,Río Gallegos,1684893569
113,saldanha,-33.0117,17.9442,8.03,83,100,3.28,Saldanha,1684893785
114,havre-saint-pierre,50.2334,-63.5986,6.2,61,0,3.6,Havre-St-Pierre,1684893786
115,lufilufi,-13.8745,-171.5986,28.88,81,74,5.15,Lufilufi,1684893786
116,lavrentiya,65.5833,-171.0,1.65,97,95,2.09,Lavrentiya,1684893786
117,ipubi,-7.6519,-40.1489,20.18,93,48,2.23,Ipubi,1684893787
118,castro,-24.7911,-50.0119,12.5,83,0,1.31,Castro,1684893787
119,san joaquin,37.9333,-121.3011,24.6,47,0,6.17,San Joaquin,1684893787
120,tuktoyaktuk,69.4541,-133.0374,0.0,93,75,2.06,Tuktoyaktuk,1684893787
121,saint-philippe,-21.3585,55.7679,21.77,82,99,1.76,Saint-Philippe,1684893788
122,shablykino,52.8566,35.1964,10.96,98,41,1.65,Shablykino,1684893788
123,margate,51.3813,1.3862,9.83,82,100,0.46,Margate,1684893788
124,provideniya,64.3833,-173.3,5.2,75,100,3.13,Provideniya,1684893789
125,port-gentil,-0.7193,8.7815,26.24,86,84,3.69,Port-Gentil,1684893789
126,waingapu,-9.6567,120.2641,27.99,64,40,4.13,Waingapu,1684893789
127,manakara,-22.1333,48.0167,19.83,87,99,2.03,Manakara,1684893790
128,samoded,63.6083,40.5111,13.43,93,100,2.86,Samoded,1684893790
129,lebu,-37.6167,-73.65,12.67,75,68,10.26,Lebu,1684893790
130,san patricio,28.017,-97.5169,27.14,73,22,4.44,San Patricio,1684893790
131,la plata,-34.9215,-57.9545,20.58,92,100,3.93,La Plata,1684893601
132,murray bridge,-35.1167,139.2667,18.96,43,82,6.45,Murray Bridge,1684893791
133,chokurdakh,70.6333,147.9167,0.17,100,100,5.09,Chokurdakh,1684893791
134,nizhniy kuranakh,58.8353,125.4869,11.12,38,87,2.71,Nizhniy Kuranakh,1684893791
135,puerto varas,-41.3195,-72.9854,11.12,66,100,13.89,Puerto Varas,1684893615
136,chuy,-33.6971,-53.4616,18.37,85,86,3.41,Chui,1684893792
137,waihi beach,-37.4,175.9333,20.06,65,0,2.24,Waihi Beach,1684893792
138,nueva guinea,11.6876,-84.4562,24.52,83,87,3.88,Nueva Guinea,1684893792
139,sokolskoye,57.1412,43.1589,13.76,76,100,3.8,Sokol'skoye,1684893793
140,pasni,25.2631,63.471,29.22,83,86,6.37,Pasni,1684893793
141,kieta,-6.2167,155.6333,28.09,78,98,6.43,Kieta,1684893638
142,terra nova,-12.3667,-40.6667,19.7,90,100,0.94,Terra Nova,1684893794
143,sobradinho,-12.8333,-39.1,21.54,92,98,2.86,Sobradinho,1684893634
144,necochea,-38.5473,-58.7368,16.38,89,100,3.53,Necochea,1684893610
145,carnarvon,-24.8667,113.6333,21.75,58,100,2.06,Carnarvon,1684893794
146,hami,42.8,93.45,20.05,17,0,0.62,Kumul,1684893795
147,port elizabeth,-33.918,25.5701,11.84,74,0,2.57,Port Elizabeth,1684893795
148,hasaki,35.7333,140.8333,21.27,45,0,5.71,Hasaki,1684893795
149,emba,48.8264,58.1442,17.79,46,5,5.24,Emba,1684893795
150,bilibino,68.0546,166.4372,10.72,42,94,1.98,Bilibino,1684893706
151,biak,-0.9131,122.8766,28.4,66,53,3.68,Biak,1684893796
152,karratha,-20.7377,116.8463,23.85,24,1,3.64,Karratha,1684893796
153,bayan,46.0833,127.4,24.8,26,82,9.51,Bayan,1684893797
154,maragogi,-9.0122,-35.2225,25.58,84,29,4.85,Maragogi,1684893797
155,lasa,46.6166,10.7002,12.42,91,84,0.48,Laas,1684893797
156,pueblo nuevo,23.3833,-105.3833,15.93,60,87,1.16,Pueblo Nuevo,1684893797
157,guilin,25.2819,110.2864,18.06,79,98,0.53,Guilin,1684893798
158,napoleon,41.3923,-84.1252,21.24,64,47,2.34,Napoleon,1684893800
159,taoudenni,22.6783,-3.9836,27.99,16,86,4.33,Taoudenni,1684893801
160,adeje,28.1227,-16.726,18.51,78,40,2.06,Adeje,1684893801
161,luanda,-8.8368,13.2343,26.0,83,75,3.6,Luanda,1684893801
162,warrnambool,-38.3833,142.4833,15.78,62,6,8.37,Warrnambool,1684893802
163,miami,25.7743,-80.1937,28.01,85,100,5.14,Miami,1684893523
164,wexford,52.3342,-6.4575,11.05,98,41,3.58,Wexford,1684893802
165,chiredzi,-21.05,31.6667,14.38,95,36,0.53,Chiredzi,1684893802
166,esmeraldas,-19.7625,-44.3139,17.58,85,0,2.2,Esmeraldas,1684893803
167,rafaela,-31.2503,-61.4867,22.78,66,100,1.34,Rafaela,1684893618
168,aripuana,-9.1667,-60.6333,26.19,73,100,0.5,Aripuanã,1684893803
169,balaka,-14.9793,34.9558,15.91,93,0,0.73,Balaka,1684893803
170,leshukonskoye,64.8989,45.7622,14.74,78,32,2.34,Leshukonskoye,1684893804
171,nizhniy odes,63.6445,54.856,12.96,78,65,1.52,Nizhniy Odes,1684893804
172,sumbe,-11.2061,13.8437,23.32,89,66,3.01,Sumbe,1684893809
173,airai,-8.9266,125.4092,21.1,66,92,1.54,Airai,1684893810
174,chapais,49.7834,-74.8492,7.88,92,100,5.72,Chapais,1684893811
175,zhigansk,66.7697,123.3711,4.52,53,100,3.16,Zhigansk,1684893811
176,guerrero negro,27.9769,-114.0611,16.72,75,0,7.23,Guerrero Negro,1684893811
177,mulchen,-37.7167,-72.2333,9.1,90,9,3.5,Mulchén,1684893811
178,igarka,67.4667,86.5833,1.55,72,87,9.35,Igarka,1684893812
179,port lincoln,-34.7333,135.8667,17.62,49,100,9.06,Port Lincoln,1684893812
180,arman,59.7,150.1667,6.12,98,100,0.39,Arman',1684893812
181,manicore,-5.8092,-61.3003,23.41,98,71,0.98,Manicoré,1684893813
182,kysyl-syr,63.8986,122.7617,11.03,30,71,3.77,Kysyl-Syr,1684893813
183,komsomolskiy,40.4272,71.7189,25.4,27,6,5.14,Yangi Marg`ilon,1684893813
184,husavik,66.0449,-17.3389,3.92,80,42,17.84,Husavik,1684893814
185,nuuk,64.1835,-51.7216,0.34,69,100,9.77,Nuuk,1684893631
186,dingle,10.9995,122.6711,30.37,69,76,2.08,Dingle,1684893816
187,qui nhon,13.7667,109.2333,31.23,60,19,0.57,Qui Nhon,1684893817
188,tabou,4.423,-7.3528,26.95,84,63,2.31,Tabou,1684893817
189,dayong,25.0209,118.2898,21.95,70,98,1.57,Dayong,1684893817
190,fairbanks,64.8378,-147.7164,21.45,31,0,1.54,Fairbanks,1684893600
191,georgetown,5.4112,100.3354,29.97,70,20,2.06,George Town,1684893529
192,foggia,41.45,15.5333,17.68,78,1,1.18,Provincia di Foggia,1684893818
193,kulhudhuffushi,6.6221,73.07,28.67,72,14,2.79,Kulhudhuffushi,1684893818
194,vicuna,-30.0319,-70.7081,14.87,73,2,0.38,Vicuña,1684893818
195,ancud,-41.8697,-73.8203,9.13,89,100,12.67,Ancud,1684893819
196,mykhaylivka,47.2724,35.2224,13.79,92,3,1.52,Mykhaylivka,1684893819
197,krym,47.3003,39.5164,17.47,89,100,3.24,Krym,1684893819
198,ibra,22.6906,58.5334,27.73,58,100,1.18,Ibrā’,1684893819
199,cidreira,-30.1811,-50.2056,20.18,89,10,4.62,Cidreira,1684893820
200,kavieng,-2.5744,150.7967,27.64,80,99,3.97,Kavieng,1684893820
201,ukiah,39.1502,-123.2078,25.24,38,0,4.12,Ukiah,1684893820
202,kolpny,52.2282,37.0368,13.09,97,88,1.1,Kolpny,1684893821
203,zhanaozen,43.3,52.8,21.58,51,41,6.17,Zhangaözen,1684893821
204,high level,58.5169,-117.136,9.06,100,100,1.54,High Level,1684893822
205,rodrigues alves,-7.738,-72.6509,23.65,98,100,0.84,Rodrigues Alves,1684893822
206,saint-augustin,51.226,-58.6502,4.28,62,9,5.0,Saint-Augustin,1684893823
207,lusambo,-4.9667,23.45,21.57,84,6,0.55,Lusambo,1684893823
208,marawi,7.9986,124.2928,26.78,72,82,0.63,Marawi,1684893823
209,meulaboh,4.1363,96.1285,27.94,78,71,1.07,Meulaboh,1684893823
210,la ronge,55.1001,-105.2842,13.14,35,75,5.14,La Ronge,1684893824
211,pevek,69.7008,170.3133,3.89,71,77,5.75,Pevek,1684893824
212,talkha,31.0539,31.3779,18.34,90,0,2.82,Ţalkhā,1684893824
213,qasigiannguit,68.8193,-51.1922,-3.86,92,100,2.89,Qasigiannguit,1684893824
214,vrangel,42.7297,133.0839,13.5,72,0,3.03,Vrangel',1684893826
215,buala,-8.145,159.5921,28.96,75,40,1.88,Buala,1684893826
216,lakhnadon,22.6,79.6,33.5,18,6,6.71,Lakhnādon,1684893826
217,padina,45.1181,20.7272,15.92,77,100,0.99,Padina,1684893827
218,tha mai,12.6214,102.0048,31.82,100,90,1.6,Tha Mai,1684893827
219,iqaluit,63.7506,-68.5145,-7.15,73,75,6.17,Iqaluit,1684893827
220,vao,-22.6667,167.4833,21.86,58,91,7.68,Vao,1684893827
221,trinidad,-14.8333,-64.9,23.92,90,91,1.09,La Santisima Trinidad,1684893594
222,whitehorse,60.7161,-135.0538,18.43,25,75,3.6,Whitehorse,1684893828
223,la solana,38.9442,-3.2381,9.77,89,58,3.78,La Solana,1684893828
224,saskylakh,71.9167,114.0833,0.33,100,99,2.79,Saskylakh,1684893829
225,honiara,-9.4333,159.95,28.69,82,100,1.3,Honiara,1684893829
226,vestmannaeyjar,63.4427,-20.2734,5.91,73,53,18.21,Vestmannaeyjar,1684893830
227,oxapampa,-10.5775,-75.4017,15.14,97,100,1.33,Oxapampa,1684893831
228,nishihara,26.1842,127.7558,24.6,57,20,4.12,Nishihara,1684893831
229,havelock,34.8791,-76.9013,18.99,84,75,8.23,Havelock,1684893238
230,orange,33.7,-117.7675,20.77,89,100,3.6,Orange,1684893549
231,wyndham,37.6985,-77.6125,17.81,64,0,0.0,Wyndham,1684893832
232,san juan,-31.5375,-68.5364,16.67,54,0,3.54,San Juan,1684893738
233,strelka,58.0728,93.0344,5.32,59,77,5.83,Strelka,1684893832
234,talnakh,69.4865,88.3972,0.67,90,55,4.86,Talnakh,1684893833
235,do gonbadan,30.3586,50.7981,21.05,35,4,0.0,Gachsaran,1684893833
236,bambanglipuro,-7.95,110.2833,27.73,71,96,2.66,Bambanglipuro,1684893833
237,krasnoselkup,65.7,82.4667,4.03,66,83,7.47,Krasnosel'kup,1684893833
238,macklin,52.3334,-109.9348,24.19,31,100,3.14,Macklin,1684893834
239,kenora,49.8167,-94.4337,12.54,62,100,5.66,Kenora,1684893719
240,galle,6.0367,80.217,28.15,74,24,2.55,Galle,1684893834
241,carballo,43.213,-8.691,15.98,87,53,3.5,Carballo,1684893834
242,yellowknife,62.456,-114.3525,17.29,27,75,6.17,Yellowknife,1684893631
243,abu kamal,34.4506,40.9171,24.64,41,100,1.01,Abu Kamal,1684893835
244,kruisfontein,-34.0033,24.7314,11.36,61,24,2.02,Kruisfontein,1684893835
245,tinskoy,56.1525,96.9161,6.76,64,52,5.61,Tinskoy,1684893835
246,faanui,-16.4833,-151.75,26.98,78,72,5.43,Faanui,1684893841
247,manuk mangkaw,4.8,119.85,28.98,70,99,2.98,Manuk Mangkaw,1684893841
248,caravelas,-17.7125,-39.2481,22.3,89,83,2.97,Caravelas,1684893835
249,cabo san lucas,22.8909,-109.9124,29.78,61,92,5.66,Cabo San Lucas,1684893805
250,ustka,54.5805,16.8619,12.58,99,100,2.51,Ustka,1684893445
251,general roca,-39.0333,-67.5833,9.23,41,0,1.95,General Roca,1684893842
252,mehamn,71.0357,27.8492,5.97,100,100,1.03,Mehamn,1684893842
253,cockburn town,21.4612,-71.1419,27.2,76,0,1.58,Cockburn Town,1684893843
254,bethel,41.3712,-73.414,13.09,76,12,1.48,Bethel,1684893745
255,lagoa,39.05,-27.9833,16.45,68,100,6.24,Lagoa,1684893843
256,dudinka,69.4058,86.1778,0.9,88,89,3.36,Dudinka,1684893773
257,oxbow,49.2333,-102.1676,15.91,64,25,8.93,Oxbow,1684893844
258,hauterive,46.0901,3.4459,14.42,96,34,1.65,Hauterive,1684893844
259,ulaangom,49.9811,92.0667,13.84,39,7,0.81,Ulaangom,1684893844
260,hun,29.1268,15.9477,24.49,24,2,7.45,Hūn,1684893844
261,lodwar,3.1191,35.5973,28.07,52,21,5.04,Lodwar,1684893845
262,rawson,-43.3002,-65.1023,11.27,37,0,4.92,Rawson,1684893845
263,sambava,-14.2667,50.1667,21.98,92,20,1.83,Sambava,1684893846
264,nanortalik,60.1432,-45.2371,-0.97,80,75,2.8,Nanortalik,1684893846
265,itarema,-2.9248,-39.9167,25.38,88,20,4.11,Itarema,1684893846
266,san quintin,30.4833,-115.95,16.65,80,35,4.82,San Quintín,1684893846
267,cherskiy,68.75,161.3,15.05,30,100,6.16,Cherskiy,1684893846
268,kokologo,12.1897,-1.8856,30.92,47,41,3.3,Kokologo,1684893847
269,sungaipenuh,-2.0833,101.3833,23.82,70,10,0.93,Sungai Penuh,1684893847
270,deputatskiy,69.3,139.9,-1.49,92,100,1.66,Deputatsky,1684893848
271,eureka,40.8021,-124.1637,13.44,79,0,2.68,Eureka,1684893615
272,kirakira,-10.4544,161.9205,29.49,74,72,2.46,Kirakira,1684893848
273,imbituba,-28.24,-48.6703,18.98,92,7,3.23,Imbituba,1684893849
274,bowen,-20.0167,148.2333,24.3,57,47,8.62,Bowen,1684893849
275,bambous virieux,-20.3428,57.7575,22.14,83,40,1.03,Bambous Virieux,1684893850
276,blenheim,-41.516,173.9528,15.29,60,88,2.24,Blenheim,1684893850
277,kodiak,57.79,-152.4072,5.81,98,100,4.56,Saint Paul Harbor,1684893850
278,tenenkou,14.4572,-4.9169,35.17,28,100,3.54,Ténenkou,1684893851
279,lompoc,34.6391,-120.4579,15.99,79,100,4.47,Lompoc,1684893732
280,upernavik,72.7868,-56.1549,-3.79,84,99,5.39,Upernavik,1684893851
281,bathsheba,13.2167,-59.5167,27.34,83,75,3.6,Bathsheba,1684893851
282,islamabad,33.7104,73.1338,24.91,67,100,2.99,Islamabad,1684893852
283,laminusa,5.5549,120.9136,28.36,76,85,3.03,Laminusa,1684893852
284,antofagasta,-23.65,-70.4,15.6,89,50,2.36,Antofagasta,1684893852
285,teguise,29.0605,-13.564,17.12,68,0,5.14,Teguise,1684893455
286,alice springs,-23.7,133.8833,18.75,32,3,3.09,Alice Springs,1684893806
287,chumikan,54.7183,135.315,0.88,97,100,4.89,Chumikan,1684893853
288,irbeyskoye,55.6428,95.4522,8.99,53,48,7.18,Irbeyskoye,1684893853
289,ponta do sol,32.6667,-17.1,19.35,77,49,1.98,Ponta do Sol,1684893854
290,marzuq,14.4,46.4667,24.93,55,76,0.87,Marzuq,1684893854
291,snezhnogorsk,69.1933,33.2531,12.88,76,59,2.41,Snezhnogorsk,1684893855
292,fonte boa,-2.4959,-66.2662,24.1,98,100,0.75,Fonte Boa,1684893855
293,umm lajj,25.0213,37.2685,27.41,59,99,1.28,Umluj,1684893855
294,gorodishche,48.8045,44.4744,14.49,94,65,2.0,Gorodishche,1684893855
295,katsuura,35.1333,140.3,18.75,46,3,3.18,Katsuura,1684893856
296,sakaiminato,35.55,133.2333,18.99,59,40,4.12,Sakaiminato,1684893856
297,marienburg,54.0359,19.0266,17.16,88,100,1.48,Malbork,1684893861
298,smithers,54.7804,-127.1743,23.18,33,20,2.57,Smithers,1684893640
299,hofn,64.2539,-15.2082,5.62,72,7,16.65,Hofn,1684893862
300,dunedin,-45.8742,170.5036,13.78,50,18,1.34,Dunedin,1684893863
301,dirba,30.0667,75.9833,32.31,30,100,4.62,Dirba,1684893863
302,xunchang,28.4543,104.715,23.28,61,94,1.25,Xunchang,1684893863
303,saint-joseph,-21.3667,55.6167,22.48,82,99,1.59,Saint-Joseph,1684893864
304,balikpapan,-1.2675,116.8289,27.55,83,20,2.06,Balikpapan,1684893865
305,naze,28.3667,129.4833,23.51,65,17,6.39,Naze,1684893865
306,kenai,60.5544,-151.2583,11.03,54,100,5.14,Kenai,1684893865
307,namibe,-15.1961,12.1522,21.41,71,2,3.14,Mossamedes,1684893821
308,saint anthony,45.0205,-93.218,24.32,48,0,0.0,Saint Anthony,1684893866
309,nago,26.5881,127.9761,23.42,52,0,3.65,Nago,1684893870
310,poya,-21.35,165.15,24.17,51,50,5.23,Poya,1684893871
311,semme,46.1963,1.5007,13.23,74,100,3.95,Semme,1684893871
312,laguna,38.421,-121.4238,25.81,57,0,6.17,Laguna,1684893871
313,saurimo,-9.6608,20.3916,17.33,51,2,2.6,Saurimo,1684893871
314,bossangoa,6.4926,17.4552,22.61,87,92,1.58,Bossangoa,1684893872
315,omsukchan,62.5333,155.8,3.8,62,100,5.16,Omsukchan,1684893872
316,lorengau,-2.0226,147.2712,25.4,91,100,4.66,Lorengau,1684893872
317,plettenberg bay,-34.0527,23.3716,14.11,64,75,0.99,Plettenberg Bay,1684893872
318,luderitz,-26.6481,15.1594,14.26,63,10,2.16,Lüderitz,1684893873
319,debre sina,9.85,39.7667,13.35,75,94,0.92,Debre Sīna,1684893873
320,ilo,-17.6394,-71.3375,18.63,82,0,3.43,Ilo,1684893873
321,paamiut,61.994,-49.6678,-0.78,75,100,8.35,Paamiut,1684893873
322,flinders,-34.5833,150.8552,19.54,47,8,1.34,Flinders,1684893873
323,ghansor,22.65,79.95,33.52,21,60,4.78,Ghansor,1684893874
324,tasiilaq,65.6145,-37.6368,0.09,38,73,11.81,Tasiilaq,1684893874
325,mao,39.8885,4.2658,16.31,100,0,3.09,Mahon,1684893874
326,tuatapere,-46.1333,167.6833,9.91,74,68,3.06,Tuatapere,1684893874
327,gualaquiza,-3.4,-78.55,16.85,98,100,0.79,Gualaquiza,1684893875
328,paris,48.8534,2.3488,10.28,79,0,4.12,Paris,1684893608
329,norman wells,65.282,-126.8329,13.02,58,100,7.2,Norman Wells,1684893875
330,lincoln,40.8,-96.667,24.37,48,2,0.45,Lincoln,1684893207
331,villanueva de la serena,38.9766,-5.7974,12.42,83,9,1.77,Villanueva de la Serena,1684893881
332,touros,-5.1989,-35.4608,26.19,81,41,5.22,Touros,1684893864
333,itaituba,-4.2761,-55.9836,24.86,95,100,0.96,Itaituba,1684893881
334,hambantota,6.1241,81.1185,25.19,100,20,1.54,Hambantota,1684893881
335,leh,34.1667,77.5833,7.51,69,100,1.66,Leh,1684893881
336,bonfim,3.0833,-59.95,25.76,85,54,1.9,Bonfim,1684893882
337,kwinana,-32.25,115.7667,17.31,67,100,1.34,Kwinana,1684893882
338,codrington,-38.2667,141.9667,15.9,59,11,8.39,Codrington,1684893882
339,stornoway,58.2093,-6.3865,10.02,92,100,5.14,Stornoway,1684893882
340,kamaishi,39.2667,141.8833,13.25,63,85,5.6,Kamaishi,1684893883
341,porto novo,6.4965,2.6036,27.9,86,100,1.89,Porto-Novo,1684893635
342,kirando,-7.4167,30.6,24.07,66,100,2.24,Kirando,1684893883
343,castelldefels,41.2779,1.9703,18.84,81,20,2.06,Castelldefels,1684893883
344,danville,36.586,-79.395,16.31,83,67,2.06,Danville,1684893608
345,mago,53.2514,140.1822,14.42,55,99,1.54,Mago,1684893885
346,pangody,65.85,74.4859,4.48,59,46,0.94,Pangody,1684893856
347,kamenka,51.3223,42.7678,13.42,96,35,2.9,Kamenka,1684893885
348,sistranda,63.7256,8.834,8.98,77,100,4.69,Sistranda,1684893885
349,galabovo,42.139,25.8673,15.32,90,8,0.49,Galabovo,1684893886
350,thinadhoo,0.5333,72.9333,28.15,74,48,3.02,Thinadhoo,1684893886
351,san jose,37.3394,-121.895,20.49,61,20,7.72,San Jose,1684893886
352,pisco,-13.7,-76.2167,21.03,83,0,7.2,Pisco,1684893887
353,waipawa,-41.4122,175.5153,11.14,79,98,5.06,Waipawa,1684893891
354,mackay,-21.15,149.2,25.93,72,13,7.9,Mackay,1684893891
355,ocos,14.5094,-92.1933,29.1,70,99,1.21,Ocós,1684893891
356,yaritagua,10.08,-69.1261,25.59,81,3,0.72,Yaritagua,1684893893
357,atambua,-9.1061,124.8925,27.06,63,95,0.55,Atambua,1684893893
358,rush,53.5223,-6.0931,11.32,93,20,3.09,Rush,1684893607
359,bengkulu,-3.8004,102.2655,27.78,69,7,0.96,Bengkulu,1684893894
360,coquimbo,-29.9533,-71.3436,13.85,100,100,1.03,Coquimbo,1684893894
361,magadan,59.5667,150.8,5.85,99,100,3.17,Magadan,1684893894
362,shelburne,44.0787,-80.2041,17.44,67,62,2.6,Shelburne,1684893803
363,verkhoyansk,67.5447,133.385,6.38,47,76,4.3,Verkhoyansk,1684893895
364,salalah,17.0151,54.0924,29.05,84,75,1.03,Salalah,1684893895
365,saharsa,25.8833,86.6,29.81,53,47,4.17,Saharsa,1684893895
366,asau,46.4333,26.4,8.51,82,11,1.79,Asău,1684893895
367,payo,-3.7508,103.6372,28.25,69,22,0.63,Payo,1684893896
368,college,64.8569,-147.8028,21.44,30,40,0.89,College,1684893896
369,concarneau,47.875,-3.9225,11.44,62,100,6.68,Concarneau,1684893896
370,vilvoorde,50.9281,4.4294,8.25,86,0,1.03,Vilvoorde,1684893897
371,pangnirtung,66.1451,-65.7125,-9.32,94,100,2.17,Pangnirtung,1684893897
372,yerbogachen,61.2767,108.0108,5.78,77,100,2.54,Yerbogachën,1684893897
373,grindavik,63.8424,-22.4338,5.97,65,75,18.01,Grindavik,1684893897
374,honghu,29.8206,113.4621,20.11,71,16,2.01,Honghu,1684893898
375,porto nacional,-10.7081,-48.4172,24.0,63,72,0.77,Porto Nacional,1684893898
376,vilani,56.5525,26.9245,10.67,76,70,1.67,Viļāni,1684893898
377,sola,-13.8833,167.55,26.81,79,75,10.8,Sola,1684893899
378,arbroath,56.5632,-2.5874,8.99,90,10,4.57,Arbroath,1684893899
379,lakes entrance,-37.8811,147.981,16.2,42,0,1.29,Lakes Entrance,1684893899
380,pierre,44.3683,-100.351,25.48,50,0,4.63,Pierre,1684893899
381,bindura,-17.3019,31.3306,12.71,96,0,0.55,Bindura,1684893900
382,san policarpo,12.1791,125.5072,29.82,69,98,2.32,San Policarpo,1684893900
383,tessalit,20.1986,1.0114,30.91,16,41,5.16,Tessalit,1684893900
384,uni,57.7535,51.4923,15.03,68,87,3.05,Uni,1684893900
385,sheregesh,52.9209,87.9869,13.19,52,87,1.8,Sheregesh,1684893900
386,la palma,33.8464,-118.0467,20.41,82,100,3.6,La Palma,1684893901
387,kuala pilah,2.7389,102.2487,29.38,70,9,1.21,Kuala Pilah,1684893901
388,entre rios,-11.9419,-38.0844,21.1,97,39,1.24,Entre Rios,1684893902
389,namatanai,-3.6667,152.4333,27.93,82,87,5.47,Namatanai,1684893902
390,hayden,47.766,-116.7866,19.75,37,0,2.57,Hayden,1684893643
391,gaoua,10.2992,-3.2508,27.5,66,84,1.73,Gaoua,1684893903
392,sitka,57.0531,-135.33,10.94,71,0,5.14,Sitka,1684893903
393,sadove,46.2487,30.1795,15.57,85,54,2.74,Sadove,1684893903
394,bosaso,11.2842,49.1816,30.35,64,99,2.08,Bosaso,1684893720
395,evensk,61.95,159.2333,5.59,72,100,4.17,Evensk,1684893904
396,adrar,20.5022,-10.0711,24.73,23,92,4.15,Adrar,1684893904
397,victoria,22.2855,114.1577,26.65,90,100,0.45,Hong Kong,1684893904
398,khorramabad,33.4878,48.3558,12.79,76,0,0.0,Khorramabad,1684893905
399,korla,41.7597,86.1469,19.26,27,99,1.68,Korla,1684893781
400,mar del plata,-38.0023,-57.5575,17.83,98,75,1.54,Mar del Plata,1684893608
401,uelzen,52.9667,10.5667,7.43,88,48,4.13,Uelzen,1684893905
402,batagay-alyta,67.8006,130.4114,-1.47,76,25,0.59,Batagay-Alyta,1684893906
403,qaqortoq,60.7167,-46.0333,-0.41,78,100,0.73,Qaqortoq,1684893765
404,kashi,39.4547,75.9797,19.56,30,20,2.0,Kashgar,1684893906
405,hobyo,5.3505,48.5268,27.46,79,100,5.6,Hobyo,1684893906
406,chicama,-7.8447,-79.1469,22.3,79,100,2.71,Chicama,1684893906
407,novoagansk,61.9449,76.6625,8.19,52,4,3.23,Novoagansk,1684893907
408,santarem,-2.4431,-54.7083,27.07,94,0,1.54,Santarém,1684893907
409,capinopolis,-18.6819,-49.5697,17.08,59,0,2.19,Capinópolis,1684893652
410,grand gaube,-20.0064,57.6608,22.22,83,22,1.34,Grand Gaube,1684893907
411,ventspils,57.3894,21.5606,7.96,100,0,1.54,Ventspils,1684893910
412,lewistown,40.5992,-77.5714,18.67,82,0,0.0,Lewistown,1684893910
413,astoria,46.1879,-123.8313,14.84,71,75,4.12,Astoria,1684893911
414,bojnurd,37.4747,57.329,15.97,67,0,0.0,Bojnourd,1684893911
415,brentwood,40.7812,-73.2462,14.39,67,40,1.54,Brentwood,1684893912
416,pimentel,-6.8367,-79.9342,24.16,83,0,5.66,Pimentel,1684893912
417,merauke,-8.4667,140.3333,27.82,68,86,6.2,Merauke,1684893912
418,lukaya,-0.1489,31.8748,17.22,91,10,1.01,Lukaya,1684893913
419,cabinda,-5.55,12.2,24.76,93,32,3.09,Cabinda,1684893913
420,dhidhdhoo,6.8833,73.1,28.77,73,17,2.85,Dhidhdhoo,1684893913
421,grootegast,53.2125,6.2736,9.98,53,20,2.68,Grootegast,1684893913
422,yarada,17.65,83.2667,29.18,94,40,5.14,Yārāda,1684893913
423,los llanos de aridane,28.6585,-17.9182,15.86,72,40,2.57,Los Llanos de Aridane,1684893914
424,kpandu,6.9954,0.2931,24.69,91,93,2.61,Kpandu,1684893914
425,birjand,32.8663,59.2211,17.26,34,0,3.09,Birjand,1684893914
426,walvis bay,-22.9575,14.5053,11.53,100,2,2.06,Walvis Bay,1684893914
427,constitucion,-35.3333,-72.4167,12.17,87,90,2.69,Constitución,1684893915
428,tevaitoa,-16.7833,-151.5,26.74,78,79,5.42,Tevaitoa,1684893915
429,sioux lookout,50.1001,-91.917,12.04,47,75,2.57,Sioux Lookout,1684893776
430,fez,34.0372,-4.9998,13.14,100,75,2.57,Fes,1684893617
431,ormond beach,29.2858,-81.0559,25.01,87,100,2.24,Ormond Beach,1684893916
432,aleksandrovsk,59.158,57.5624,13.78,73,59,0.99,Aleksandrovsk,1684893916
433,los algarrobos,8.5,-82.4333,27.11,86,40,2.06,Los Algarrobos,1684893916
434,takoradi,4.8845,-1.7554,26.4,88,100,2.15,Takoradze,1684893916
435,neftcala,39.3742,49.2472,20.19,79,8,2.55,Neftçala,1684893917
436,careiro da varzea,-3.2003,-59.8119,25.34,95,100,1.28,Careiro da Várzea,1684893917
437,cayenne,4.9333,-52.3333,25.02,94,100,1.03,Cayenne,1684893917
438,henties bay,-22.116,14.2845,14.88,79,1,1.32,Henties Bay,1684893917
439,leningradskiy,69.3833,178.4167,0.24,93,100,6.26,Leningradskiy,1684893918
440,lata,40.1629,-8.3327,16.71,80,23,1.78,Lata,1684893918
441,amarante do maranhao,-5.5667,-46.7422,25.49,74,100,1.71,Amarante do Maranhão,1684893918
442,eregli,37.5133,34.0467,11.77,69,72,0.29,Heraclea,1684893918
443,east london,-33.0153,27.9116,15.58,49,3,2.39,East London,1684893919
444,gat,31.61,34.7642,21.89,38,0,0.41,Kiryat Gat,1684893919
445,muyezerskiy,63.9333,31.65,10.05,85,25,2.81,Muyezerskiy,1684893919
446,skeldon,5.8833,-57.1333,24.71,95,99,2.48,Skeldon,1684893919
447,berdigestyakh,62.0989,126.6992,11.08,28,62,1.83,Berdigestyakh,1684893920
448,kon tum,14.35,108.0,28.97,63,7,1.23,Kon Tum,1684893920
449,birao,10.2849,22.7882,27.36,38,88,2.49,Birao,1684893920
450,andenes,69.3143,16.1194,6.63,81,87,4.63,Andenes,1684893921
451,dutlwe,-23.9833,23.9,16.18,30,0,3.11,Dutlwe,1684893921
452,riyadh,24.6877,46.7219,28.08,29,14,2.73,Riyadh,1684893905
453,helong,42.5397,128.9972,23.47,25,27,2.99,Helong,1684893921
454,beringovskiy,63.05,179.3167,1.75,90,100,1.84,Beringovskiy,1684893922
455,mitsamiouli,-11.3847,43.2844,26.24,68,39,3.47,Mitsamiouli,1684893922
456,ishigaki,24.3448,124.1572,26.07,65,20,3.09,Ishigaki,1684893782
457,okato,-39.2,173.8833,17.32,83,41,7.6,Okato,1684893923
458,pacific grove,36.6177,-121.9166,14.25,84,40,5.66,Pacific Grove,1684893923
459,souillac,-20.5167,57.5167,22.21,83,40,1.03,Souillac,1684893923
460,naryan-mar,67.6713,53.087,15.17,61,14,3.54,Naryan-Mar,1684893923
461,narsaq,60.9167,-46.05,1.12,79,99,2.1,Narsaq,1684893924
462,merrill,45.1805,-89.6835,19.1,61,0,0.0,Merrill,1684893842
463,parkes,-33.1333,148.1833,16.31,76,2,2.34,Parkes,1684893924
464,shache,38.4167,77.2406,21.47,27,100,6.5,Shache,1684893924
465,varna,43.2167,27.9167,12.71,95,17,0.0,Varna,1684893665
466,nanyamba,-10.6833,39.8333,18.89,99,45,1.8,Nanyamba,1684893925
467,yazykovo,55.2199,56.1353,17.26,58,86,1.37,Yazykovo,1684893925
468,salmas,38.1973,44.7653,14.49,53,96,1.65,Salmās,1684893925
469,portland,45.5234,-122.6762,18.32,56,20,4.63,Portland,1684893420
470,acucena,-19.0731,-42.5464,16.29,79,97,1.02,Açucena,1684893926
471,akhtubinsk,48.2795,46.1722,18.4,75,63,3.28,Akhtubinsk,1684893926
472,calawag,10.6697,119.5707,30.57,65,11,1.48,Calawag,1684893927
473,outlook,51.5001,-107.0513,20.13,69,100,7.63,Outlook,1684893643
474,shunyi,40.125,116.6453,24.97,38,0,5.0,Shunyi,1684893927
475,ambon,-3.6954,128.1814,31.08,66,40,3.09,Ambon City,1684893882
476,lulea,65.5842,22.1547,6.04,93,75,0.51,Luleå,1684893786
477,buraydah,26.326,43.975,29.25,30,100,6.09,Buraidah,1684893747
478,hirara,24.8,125.2833,26.15,65,40,4.12,Hirara,1684893928
479,ust-nera,64.5667,143.2,3.08,97,100,3.15,Ust-Nera,1684893928
480,fort nelson,58.8053,-122.7002,19.77,40,75,1.03,Fort Nelson,1684893928
481,moose factory,51.2585,-80.6094,1.0,69,100,6.69,Moose Factory,1684893928
482,khatanga,71.9667,102.5,-0.93,91,92,6.29,Khatanga,1684893929
483,oranjestad,12.524,-70.027,27.97,88,40,8.23,Oranjestad,1684893929
484,barra patuca,15.8,-84.2833,26.68,76,2,2.84,Barra Patuca,1684893929
485,vallenar,-28.5708,-70.7581,14.04,64,0,0.72,Vallenar,1684893929
486,muros,42.7762,-9.0603,17.27,72,23,6.13,Muros,1684893930
487,vila,42.0304,-8.1588,13.49,78,8,2.07,Vila,1684893930
488,katherine,-14.4667,132.2667,27.18,34,12,7.2,Katherine,1684893930
489,dawlatabad,36.4141,64.9053,26.61,25,0,0.79,Dawlatabad,1684893931
490,beyneu,45.3167,55.2,20.91,45,2,7.75,Beyneu,1684893931
491,taylorville,39.5489,-89.2945,21.55,60,0,2.75,Taylorville,1684893932
492,omboue,-1.5746,9.2618,24.92,95,81,2.18,Omboué,1684893932
493,homer,59.6425,-151.5483,9.94,69,100,0.0,Homer,1684893932
494,koumac,-20.5667,164.2833,24.82,50,4,6.18,Koumac,1684893933
495,shumskiy,54.8318,99.1328,5.83,78,91,6.55,Shumskiy,1684893933
496,huarmey,-10.0681,-78.1522,22.03,84,56,3.89,Huarmey,1684893748
497,bac lieu,9.285,105.7244,30.87,62,80,5.12,Bac Lieu,1684893934
498,wisconsin rapids,44.3836,-89.8174,21.44,59,0,0.0,Wisconsin Rapids,1684893914
499,basco,20.4487,121.9702,26.88,78,76,4.79,Basco,1684893934
500,khandyga,62.6667,135.6,10.68,35,90,0.76,Khandyga,1684893934
501,mount gambier,-37.8333,140.7667,16.23,60,47,5.42,Mount Gambier,1684893935
502,calabozo,8.9242,-67.4293,25.8,74,98,2.18,Calabozo,1684893935
503,puerto ayacucho,5.6639,-67.6236,25.18,91,97,0.41,Puerto Ayacucho,1684893774
504,ulladulla,-35.35,150.4667,17.09,38,0,0.52,Ulladulla,1684893935
505,tual,-5.6667,132.75,27.7,79,55,10.84,Tual,1684893913
506,maloy,61.9353,5.1136,9.29,58,100,12.1,Måløy,1684893936
507,nadym,65.5333,72.5167,5.98,53,16,2.86,Nadym,1684893936
508,zyryanka,65.75,150.85,8.45,64,100,0.73,Zyryanka,1684893937
509,staroutkinsk,57.2302,59.3348,16.76,54,8,0.64,Staroutkinsk,1684893937
510,sorland,67.667,12.6934,7.92,77,100,15.06,Sørland,1684893937
511,dukat,62.55,155.55,2.33,65,100,5.19,Dukat,1684893937
512,berlevag,70.8578,29.0864,6.0,96,100,2.2,Berlevåg,1684893938
513,praya,14.9215,-23.5087,22.3,78,40,5.66,Praia,1684893938
514,leua,48.2156,18.6071,13.64,97,97,2.24,Levice,1684893938
515,durango,24.8333,-104.8333,23.28,20,61,4.39,Durango,1684893938
516,santiago,-33.4569,-70.6483,14.19,78,0,1.03,Santiago,1684893547
517,green river,41.5286,-109.4662,18.22,66,97,3.66,Green River,1684893939
518,laizhou,37.1717,119.9214,24.61,28,100,5.71,Laichow,1684893939
519,comodoro rivadavia,-45.8667,-67.5,6.92,42,0,2.57,Comodoro Rivadavia,1684893798
520,domna,51.8971,113.1573,13.09,32,5,3.0,Domna,1684893939
521,aragona,37.4008,13.6176,14.21,80,5,1.99,Aragona,1684893940
522,sao joao batista,-27.2761,-48.8494,21.13,98,23,0.9,São João Batista,1684893940
523,dodoma,-6.1722,35.7395,17.95,94,20,3.09,Dodoma,1684893940
524,vardo,70.3705,31.1107,5.99,93,96,5.14,Vardø,1684893940
525,bonthe,7.5264,-12.505,24.82,89,92,1.85,Bonthe,1684893941
526,shelopugino,51.6514,117.5599,15.53,33,0,5.72,Shelopugino,1684893941
527,dong xoai,11.5333,106.9167,31.42,58,93,2.62,Don Luan,1684893941
528,ayan,56.45,138.1667,0.85,94,100,1.84,Ayan,1684893942
529,ola,59.5833,151.2833,6.19,92,100,3.13,Ola,1684893942
530,netarhat,23.4833,84.2667,31.32,20,3,2.1,Neturhāt,1684893942
531,sarangani,5.4033,125.4636,28.57,76,71,5.92,Sarangani,1684893942
532,broome,42.2506,-75.833,16.6,81,2,1.9,Broome,1684893943
533,undory,54.6085,48.3928,18.58,64,27,5.35,Undory,1684893943
534,acajutla,13.5928,-89.8275,28.58,76,85,1.93,Acajutla,1684893943
535,richards bay,-28.783,32.0377,15.8,92,0,1.96,Richards Bay,1684893944
536,arlit,18.7369,7.3853,32.23,17,100,3.77,Arlit,1684893944
537,kaihua,23.3687,104.28,24.63,65,18,3.7,Kaihua,1684893944
538,uvat,59.1433,68.8953,17.76,38,81,2.59,Uvat,1684893944
539,tawau,4.2498,117.8871,30.07,74,99,1.71,Tawao,1684893945
540,quatre cocos,-20.2078,57.7625,22.06,81,21,1.8,Quatre Cocos,1684893945
541,ca mau,9.1769,105.15,32.14,56,50,3.83,Ca Mau,1684893886
542,muddebihal,16.3333,76.1333,29.08,49,3,6.03,Muddebihāl,1684893372
543,eyl,7.9803,49.8164,27.04,74,75,3.7,Eyl,1684893946
544,port macquarie,-31.4333,152.9167,21.05,50,33,3.11,Port Macquarie,1684893946
545,rosarito,32.3333,-117.0333,16.93,76,25,2.71,Rosarito,1684893946
546,bereda,43.2686,-7.5406,14.12,100,95,3.35,Bereda,1684893946
547,rundu,-17.9333,19.7667,14.38,37,0,0.62,Rundu,1684893947
548,muzhi,65.3667,64.6667,9.84,72,100,1.77,Muzhi,1684893947
549,roma,43.2128,-75.4557,17.02,79,75,0.0,Rome,1684893947
